item_id,original_cue,novel_cue,target
1,FAST,QUICK,SLOW
2,HOT,WARM,COLD
3,BIG,LARGE,SMALL
4,HAPPY,GLAD,SAD
5,RICH,WEALTHY,POOR
6,STRONG,POWERFUL,WEAK
7,BEGIN,START,END
8,BRAVE,FEARLESS,COWARD
9,DOCTOR,PHYSICIAN,NURSE
10,OCEAN,SEA,WAVE
11,CAR,AUTOMOBILE,ROAD
12,HOUSE,HOME,ROOF
13,BOAT,SHIP,SAIL
14,FOREST,WOODS,TREE
15,CASH,MONEY,BANK
16,SOFA,COUCH,PILLOW
17,PATH,TRAIL,HIKE
18,SMART,CLEVER,BRAIN
19,ANGRY,FURIOUS,CALM
20,LOUD,NOISY,QUIET
21,SHUT,CLOSE,OPEN
22,GIFT,PRESENT,WRAP
23,INFANT,BABY,CRIB
24,STORE,SHOP,BUY
25,JOB,WORK,BOSS
26,TALK,SPEAK,LISTEN
27,BUCKET,PAIL,WATER
28,MOUNTAIN,PEAK,CLIMB
29,KING,MONARCH,QUEEN
30,CHILD,KID,TOY
31,FIELD,MEADOW,GRASS
32,DINNER,SUPPER,PLATE
33,LAWYER,ATTORNEY,COURT
34,STOMACH,BELLY,HUNGRY
35,CAP,HAT,HEAD
36,PICTURE,PHOTO,CAMERA
37,CHAIR,SEAT,TABLE
38,STREAM,CREEK,FISH
39,AUTUMN,FALL,LEAF
40,CUP,MUG,COFFEE
